id;Текст сущности;REF (ID);Частота;Type (заполнить);Subtype (заполнить)
orgName;губернское правление;#org_gubernskoe_pravlenie;49;Организации;Гос. Органы
orgName;тот суд;#org_тот_суд;16;Организации;Гос. Органы
orgName;Совета Главного управления Восточной Сибири;#org_council_main_admin_eastern_siberia;6;Организации;Гос. Органы
orgName;Приказа общественного призрения;#org_prikaz_public_welfare;5;Организации;Гос. Органы
orgName;оный суд;#org_оный_суд;4;Организации;Гос. Органы
orgName;Министерства внутренних дел;#org_ministry_internal;3;Организации;Гос. Органы
orgName;Приказ общественного призрения;#org_prikaz_public_welfare;2;Организации;Гос. Органы
orgName;понуждении Минусинский земский суд;#org_понуждении_минусинский_земский_суд;2;Организации;Гос. Органы
orgName;золотопромышленников Для уплаты долгов Овцына учреждается опекунское управление;#org_золотопромышленников_для_уплаты_долгов_овцына_учреждается_оп;2;Организации;Гос. Органы
orgName;Вследствие всего этого Красноярский земский суд;#org_вследствие_всего_этого_красноярский_земский_суд;2;Организации;Гос. Органы
orgName;губернское управление;#org_губернское_управление;2;Организации;Гос. Органы
orgName;для рассмотрения его губернское правление;#org_для_рассмотрения_его_губернское_правление;2;Организации;Гос. Органы
orgName;тот же суд;#org_тот_же_суд;2;Организации;Гос. Органы
orgName;происходившей по этому делу переписки Енисейская казенная палата;#org_происходившей_по_этому_делу_переписки_енисейская_казенная_па;2;Организации;Гос. Органы
orgName;уведомила губернское правление;#org_уведомила_губернское_правление;2;Организации;Гос. Органы
orgName;земский суд;#org_земский_суд;2;Организации;Гос. Органы
orgName;После происходившей по сему делу переписки губернское правление;#org_после_происходившей_по_сему_делу_переписки_губернское_правле;2;Организации;Гос. Органы
orgName;просила Харьковское губернское правление;#org_просила_харьковское_губернское_правление;2;Организации;Гос. Органы
orgName;это правление;#org_это_правление;2;Организации;Гос. Органы
orgName;Подольское губернское правление;#org_подольское_губернское_правление;2;Организации;Гос. Органы
orgName;понуждении Красноярский земский суд;#org_понуждении_красноярский_земский_суд;2;Организации;Гос. Органы
orgName;Витебское губернское правление;#org_витебское_губернское_правление;2;Организации;Гос. Органы
orgName;сие правление;#org_сие_правление;2;Организации;Гос. Органы
orgName;от командира помянутого сведения губернское правление;#org_от_командира_помянутого_сведения_губернское_правление;2;Организации;Гос. Органы
orgName;народное здравие Делопроизводство Губернское правление Градская полиция;#org_народное_здравие_делопроизводство_губернское_правление_градс;1;Организации;Гос. Органы
orgName;квартирная повинность Земская полиция;#org_квартирная_повинность_земская_полиция;1;Организации;Гос. Органы
orgName;полиции Бессрочноотпускные Отставные нижние чины Иностранцы Опеки Приказ;#org_полиции_бессрочноотпускные_отставные_нижние_чины_иностранцы_;1;Организации;Гос. Органы
orgName;смирительные дома Врачебная управа;#org_смирительные_дома_врачебная_управа;1;Организации;Тюрьмы
orgName;Губернское правление;#org_gubernskoe_pravlenie;1;Организации;Гос. Органы
orgName;Градская полиция;#org_градская_полиция;1;Организации;Гос. Органы
orgName;Енисейского конного казачьего полка;#org_cossack_regiment;1;Организации;Войска
orgName;Земская полиция;#org_земская_полиция;1;Организации;Гос. Органы
orgName;Троицкому солеваренному заводу;#org_troitsk_salt_works;1;Организации;Пром-ть
orgName;Владимирского детского приюта;#org_vladimir_orphanage;1;Организации;Общ. орг-ии
orgName;Врачебная управа;#org_medical_board;1;Организации;Гос. Органы
orgName;Енисейскому конному казачьему полку;#org_cossack_regiment;1;Организации;Войска
orgName;Троицкого солеваренного завода;#org_troitsk_salt_works;1;Организации;Пром-ть
orgName;Красноярская губернская публичная библиотека;#org_public_library;1;Организации;Гос. Органы
orgName;этого вопроса по Енисейской губернии открыть особый комитет;#org_этого_вопроса_по_енисейской_губернии_открыть_особый_комитет;1;Организации;Гос. Органы
orgName;чего по означенному предмету открыт был особый комитет;#org_чего_по_означенному_предмету_открыт_был_особый_комитет;1;Организации;Гос. Органы
orgName;Приказе общественного призрения;#org_prikaz_public_welfare;1;Организации;Гос. Органы
orgName;губернский комитет;#org_губернский_комитет;1;Организации;Гос. Органы
orgName;Духовное правление;#org_духовное_правление;1;Организации;Гос. Органы
orgName;Словесный суд;#org_словесный_суд;1;Организации;Гос. Органы
orgName;Губернское правление;;1;Организации;Гос. Органы
orgName;Приказ общественного призрения;;1;Организации;Гос. Органы
orgName;Врачебная управа;;1;Организации;Гос. Органы
orgName;Красноярская губернская публичная библиотека;;1;Организации;Гос. Органы
orgName;Енисейский конный казачий полк;;1;Организации;Войска
orgName;Троицкий солеваренный завод;;1;Организации;Пром-ть
orgName;Министерство внутренних дел;;1;Организации;Гос. Органы
orgName;Совет Главного управления Восточной Сибири;;1;Организации;Гос. Органы
orgName;Сибирский линейный батальон № 12;;1;Организации;Войска
orgName;Владимирский детский приют;;1;Организации;Общ. орг-ии
orgName;народное здравие Делопроизводство Губернское правление Градская полиция;;1;Организации;Гос. Органы
orgName;квартирная повинность Земская полиция;;1;Организации;Гос. Органы
orgName;полиции Бессрочноотпускные Отставные нижние чины Иностранцы Опеки Приказ;;1;Организации;Гос. Органы
orgName;смирительные дома Врачебная управа;;1;Организации;Тюрьмы
orgName;Градская полиция;;1;Организации;Гос. Органы
orgName;Земская полиция;;1;Организации;Гос. Органы
orgName;этого вопроса по Енисейской губернии открыть особый комитет;;1;Организации;Гос. Органы
orgName;чего по означенному предмету открыт был особый комитет;;1;Организации;Гос. Органы
orgName;губернский комитет;;1;Организации;Гос. Органы
orgName;Ачинский окружной суд;;1;Организации;Гос. Органы
orgName;побуждении на того правление;;1;Организации;Гос. Органы
orgName;Енисейский городовой суд;;1;Организации;Гос. Органы
orgName;понуждении Минусинский земский суд;;1;Организации;Гос. Органы
orgName;золотопромышленников Для уплаты долгов Овцына учреждается опекунское управление;;1;Организации;Гос. Органы
orgName;Красноярский окружной суд;;1;Организации;Гос. Органы
orgName;Енисейский губернский суд;;1;Организации;Гос. Органы
orgName;билетом По этому делу Томское губернское правление;;1;Организации;Гос. Органы
orgName;Вследствие всего этого Красноярский земский суд;;1;Организации;Гос. Органы
orgName;губернское управление;;1;Организации;Гос. Органы
orgName;тот суд;;1;Организации;Гос. Органы
orgName;для рассмотрения его губернское правление;;1;Организации;Гос. Органы
orgName;тот же суд;;1;Организации;Гос. Органы
orgName;происходившей по этому делу переписки Енисейская казенная палата;;1;Организации;Гос. Органы
orgName;уведомила губернское правление;;1;Организации;Гос. Органы
orgName;Ачинский земский суд;;1;Организации;Гос. Органы
orgName;Минусинский земский суд;;1;Организации;Гос. Органы
orgName;вновь просило губернский суд;;1;Организации;Гос. Органы
orgName;что Енисейский губернский суд;;1;Организации;Гос. Органы
orgName;доставлении вышеупомянутых сведений правление;;1;Организации;Гос. Органы
orgName;губернский суд;;1;Организации;Гос. Органы
orgName;оный суд;;1;Организации;Гос. Органы
orgName;земский суд;;1;Организации;Гос. Органы
orgName;потом словесный суд;;1;Организации;Гос. Органы
orgName;отдельно губернское правление;;1;Организации;Гос. Органы
orgName;этот суд;;1;Организации;Гос. Органы
orgName;Красноярский земский суд;;1;Организации;Гос. Органы
orgName;После происходившей по сему делу переписки губернское правление;;1;Организации;Гос. Органы
orgName;просила Харьковское губернское правление;;1;Организации;Гос. Органы
orgName;это правление;;1;Организации;Гос. Органы
orgName;Енисейский земский суд;;1;Организации;Гос. Органы
orgName;засим губернское правление;;1;Организации;Гос. Органы
orgName;Подольское губернское правление;;1;Организации;Гос. Органы
orgName;Красноярским земским судом оный суд;;1;Организации;Гос. Органы
orgName;понуждении Красноярский земский суд;;1;Организации;Гос. Органы
orgName;Красноярск арестанта Крузе губернское правление;;1;Организации;Тюрьмы
orgName;Витебское губернское правление;;1;Организации;Гос. Органы
orgName;сие правление;;1;Организации;Гос. Органы
orgName;от командира помянутого сведения губернское правление;;1;Организации;Гос. Органы
orgName;Енисейский приказ;;1;Организации;Гос. Органы
orgName;Духовное правление;;1;Организации;Гос. Органы
orgName;Словесный суд;;1;Организации;Гос. Органы
persName;Асташева;#person_асташева;11;Люди;Служащие (Чиновничество / Канцелярские служители)
persName;Кузнецова;#person_кузнецова;8;Люди;Служащие (Чиновничество / Канцелярские служители)
persName;Петра Подсосова;#person_петра_подсосова;6;Люди;Служащие (Чиновничество / Канцелярские служители)
persName;Коновалова;#person_коновалова;5;Люди;Служащие (Чиновничество / Канцелярские служители)
persName;Попова;#person_попова;4;Люди;Служащие (Чиновничество / Канцелярские служители)
persName;Бурмакина;#person_бурмакина;4;Люди;Служащие (Чиновничество / Канцелярские служители)
persName;Бугаева;#person_бугаева;4;Люди;Служащие (Чиновничество / Канцелярские служители)
persName;Кузина;#person_кузина;4;Люди;Служащие (Чиновничество / Канцелярские служители)
persName;Егорова;#person_егорова;3;Люди;Служащие (Чиновничество / Канцелярские служители)
persName;Толстой;#person_толстой;3;Люди;Служащие (Чиновничество / Канцелярские служители)
persName;Крылова;#person_крылова;3;Люди;Служащие (Чиновничество / Канцелярские служители)
persName;Иван Гаврилов;#person_иван_гаврилов;2;Люди;Служащие (Чиновничество / Канцелярские служители)
persName;Николай Новиков;#person_николай_новиков;2;Люди;Служащие (Чиновничество / Канцелярские служители)
persName;Николаева;#person_николаева;2;Люди;Служащие (Чиновничество / Канцелярские служители)
persName;Хромова;#person_хромова;2;Люди;Служащие (Чиновничество / Канцелярские служители)
persName;Старикова;#person_старикова;2;Люди;Служащие (Чиновничество / Канцелярские служители)
persName;Башурова;#person_башурова;2;Люди;Служащие (Чиновничество / Канцелярские служители)
persName;Евдокимова;#person_евдокимова;2;Люди;Служащие (Чиновничество / Канцелярские служители)
persName;Хозяинова;#person_хозяинова;2;Люди;Служащие (Чиновничество / Канцелярские служители)
persName;Алексея Кобычева;#person_алексея_кобычева;2;Люди;Служащие (Чиновничество / Канцелярские служители)
persName;Щукина;#person_щукина;2;Люди;Служащие (Чиновничество / Канцелярские служители)
persName;Петра Шапицына;#person_петра_шапицына;2;Люди;Служащие (Чиновничество / Канцелярские служители)
persName;Матвея Лиханова;#person_матвея_лиханова;2;Люди;Служащие (Чиновничество / Канцелярские служители)
persName;Ермолаевой;#person_ермолаевой;2;Люди;Служащие (Чиновничество / Канцелярские служители)
persName;Александра Нашивошникова;#person_александра_нашивошникова;2;Люди;Служащие (Чиновничество / Канцелярские служители)
persName;Скороговорова;#person_скороговорова;2;Люди;Служащие (Чиновничество / Канцелярские служители)
persName;Бурмакиным;#person_бурмакиным;2;Люди;Служащие (Чиновничество / Канцелярские служители)
persName;Петра Кузнецова;#person_петра_кузнецова;2;Люди;Служащие (Чиновничество / Канцелярские служители)
persName;Носова;#person_носова;2;Люди;Служащие (Чиновничество / Канцелярские служители)
persName;Басина;#person_басина;2;Люди;Служащие (Чиновничество / Канцелярские служители)
persName;Романа Колмогорова;#person_романа_колмогорова;2;Люди;Служащие (Чиновничество / Канцелярские служители)
persName;Ширякова;#person_ширякова;2;Люди;Служащие (Чиновничество / Канцелярские служители)
persName;Хмелева;#person_хмелева;2;Люди;Служащие (Чиновничество / Канцелярские служители)
persName;Малкова;#person_малкова;2;Люди;Служащие (Чиновничество / Канцелярские служители)
persName;Иванова;#person_иванова;2;Люди;Служащие (Чиновничество / Канцелярские служители)
persName;Першина;#person_першина;2;Люди;Служащие (Чиновничество / Канцелярские служители)
persName;Потылицын;#person_потылицын;2;Люди;Служащие (Чиновничество / Канцелярские служители)
persName;Арефьева;#person_арефьева;2;Люди;Служащие (Чиновничество / Канцелярские служители)
persName;Михаила Ваганова;#person_михаила_ваганова;2;Люди;Служащие (Чиновничество / Канцелярские служители)
persName;Кудринова;#person_кудринова;2;Люди;Служащие (Чиновничество / Канцелярские служители)
persName;Шадрина;#person_шадрина;2;Люди;Служащие (Чиновничество / Канцелярские служители)
persName;Николая Таротчинова;#person_николая_таротчинова;2;Люди;Служащие (Чиновничество / Канцелярские служители)
persName;Сапожникова;#person_сапожникова;2;Люди;Служащие (Чиновничество / Канцелярские служители)
persName;Анашкина;#person_анашкина;2;Люди;Служащие (Чиновничество / Канцелярские служители)
persName;Григория Жукова;#person_григория_жукова;2;Люди;Служащие (Чиновничество / Канцелярские служители)
persName;Турчанинова;#person_турчанинова;2;Люди;Служащие (Чиновничество / Канцелярские служители)
persName;Спирина;#person_спирина;2;Люди;Служащие (Чиновничество / Канцелярские служители)
persName;Туговикова;#person_туговикова;2;Люди;Служащие (Чиновничество / Канцелярские служители)
persName;Фейдулина;#person_фейдулина;2;Люди;Служащие (Чиновничество / Канцелярские служители)
persName;Савельева;#person_савельева;2;Люди;Служащие (Чиновничество / Канцелярские служители)
persName;Голубкова;#person_голубкова;2;Люди;Служащие (Чиновничество / Канцелярские служители)
persName;Мясникова;#person_мясникова;2;Люди;Служащие (Чиновничество / Канцелярские служители)
persName;Токарева;#person_токарева;2;Люди;Служащие (Чиновничество / Канцелярские служители)
persName;Степанов;#person_степанов;1;Люди;Служащие (Чиновничество / Канцелярские служители)
persName;Хотимский;#person_хотимский;1;Люди;Служащие (Чиновничество / Канцелярские служители)
persName;Шарыповском;#person_шарыповском;1;Люди;Служащие (Чиновничество / Канцелярские служители)
persName;стариков;#person_стариков;1;Люди;Служащие (Чиновничество / Канцелярские служители)
persName;Демидова;#person_демидова;1;Люди;Служащие (Чиновничество / Канцелярские служители)
persName;Боровкова;#person_боровкова;1;Люди;Служащие (Чиновничество / Канцелярские служители)
persName;Арсамкова;#person_арсамкова;1;Люди;Служащие (Чиновничество / Канцелярские служители)
persName;Овчинникова;#person_овчинникова;1;Люди;Служащие (Чиновничество / Канцелярские служители)
persName;Пермякина;#person_пермякина;1;Люди;Служащие (Чиновничество / Канцелярские служители)
persName;Пермикина;#person_пермикина;1;Люди;Служащие (Чиновничество / Канцелярские служители)
persName;Григорьевском;#person_григорьевском;1;Люди;Служащие (Чиновничество / Канцелярские служители)
persName;Ивановском;#person_ивановском;1;Люди;Служащие (Чиновничество / Канцелярские служители)
persName;Иван Гаврилов;;1;Люди;Служащие (Чиновничество / Канцелярские служители)
persName;Николай Новиков;;1;Люди;Служащие (Чиновничество / Канцелярские служители)
persName;Новиков;;1;Люди;Служащие (Чиновничество / Канцелярские служители)
persName;Степанов;;1;Люди;Служащие (Чиновничество / Канцелярские служители)
persName;Хотимский;;1;Люди;Служащие (Чиновничество / Канцелярские служители)
persName;Мичурина;;1;Люди;Служащие (Чиновничество / Канцелярские служители)
persName;Карлова;;1;Люди;Служащие (Чиновничество / Канцелярские служители)
persName;Безрукова;;1;Люди;Служащие (Чиновничество / Канцелярские служители)
persName;Николаева;;1;Люди;Служащие (Чиновничество / Канцелярские служители)
persName;Сапожникова;;1;Люди;Служащие (Чиновничество / Канцелярские служители)
persName;Беликове;;1;Люди;Служащие (Чиновничество / Канцелярские служители)
persName;Алексееве;;1;Люди;Служащие (Чиновничество / Канцелярские служители)
persName;Сенцове;;1;Люди;Служащие (Чиновничество / Канцелярские служители)
persName;Михаила Степанова;;1;Люди;Служащие (Чиновничество / Канцелярские служители)
persName;Михаил Степанов;;1;Люди;Служащие (Чиновничество / Канцелярские служители)
persName;Лукьянову;;1;Люди;Служащие (Чиновничество / Канцелярские служители)
persName;Степанова;;1;Люди;Служащие (Чиновничество / Канцелярские служители)
persName;Монахове;;1;Люди;Служащие (Чиновничество / Канцелярские служители)
persName;Лисовский;;1;Люди;Служащие (Чиновничество / Канцелярские служители)
persName;Зыкове;;1;Люди;Служащие (Чиновничество / Канцелярские служители)
persName;Стрелковым;;1;Люди;Служащие (Чиновничество / Канцелярские служители)
persName;Степаном Стрелковым;;1;Люди;Служащие (Чиновничество / Канцелярские служители)
persName;Хромова;;1;Люди;Служащие (Чиновничество / Канцелярские служители)
persName;Степанове;;1;Люди;Служащие (Чиновничество / Канцелярские служители)
persName;Лучникову;;1;Люди;Служащие (Чиновничество / Канцелярские служители)
persName;Зеленина;;1;Люди;Служащие (Чиновничество / Канцелярские служители)
persName;Новиковым;;1;Люди;Служащие (Чиновничество / Канцелярские служители)
persName;Михаила Шарыпова;;1;Люди;Служащие (Чиновничество / Канцелярские служители)
persName;Шарыпова;;1;Люди;Служащие (Чиновничество / Канцелярские служители)
persName;Башурова;;1;Люди;Служащие (Чиновничество / Канцелярские служители)
persName;Туговикова;;1;Люди;Служащие (Чиновничество / Канцелярские служители)
persName;Веселова;;1;Люди;Служащие (Чиновничество / Канцелярские служители)
persName;Ивана Старикова;;1;Люди;Служащие (Чиновничество / Канцелярские служители)
persName;Федора Петрова;;1;Люди;Служащие (Чиновничество / Канцелярские служители)
persName;Старикова;;1;Люди;Служащие (Чиновничество / Канцелярские служители)
persName;Петрова;;1;Люди;Служащие (Чиновничество / Канцелярские служители)
persName;Ивана Старцова;;1;Люди;Служащие (Чиновничество / Канцелярские служители)
persName;Старцова;;1;Люди;Служащие (Чиновничество / Канцелярские служители)
persName;Василия Кабалина;;1;Люди;Служащие (Чиновничество / Канцелярские служители)
persName;Сыренщикова;;1;Люди;Служащие (Чиновничество / Канцелярские служители)
persName;Якова Кочнева;;1;Люди;Служащие (Чиновничество / Канцелярские служители)
persName;Григорьева;;1;Люди;Служащие (Чиновничество / Канцелярские служители)
persName;Семена Елисеева;;1;Люди;Служащие (Чиновничество / Канцелярские служители)
persName;Соколова;;1;Люди;Служащие (Чиновничество / Канцелярские служители)
persName;Попова;;1;Люди;Служащие (Чиновничество / Канцелярские служители)
persName;Кочнева;;1;Люди;Служащие (Чиновничество / Канцелярские служители)
persName;Михайлова;;1;Люди;Служащие (Чиновничество / Канцелярские служители)
persName;Гофмана;;1;Люди;Служащие (Чиновничество / Канцелярские служители)
persName;Шадрина;;1;Люди;Служащие (Чиновничество / Канцелярские служители)
persName;Ивана Ермолаева;;1;Люди;Служащие (Чиновничество / Канцелярские служители)
persName;Ермолаева;;1;Люди;Служащие (Чиновничество / Канцелярские служители)
persName;Стручкова;;1;Люди;Служащие (Чиновничество / Канцелярские служители)
persName;Машукова;;1;Люди;Служащие (Чиновничество / Канцелярские служители)
persName;Егора Козьмина;;1;Люди;Служащие (Чиновничество / Канцелярские служители)
persName;Павел Михайлов;;1;Люди;Служащие (Чиновничество / Канцелярские служители)
persName;Хозяинова;;1;Люди;Служащие (Чиновничество / Канцелярские служители)
persName;Алексея Кобычева;;1;Люди;Служащие (Чиновничество / Канцелярские служители)
persName;Щукина;;1;Люди;Служащие (Чиновничество / Канцелярские служители)
persName;Пелагея Васильева;;1;Люди;Служащие (Чиновничество / Канцелярские служители)
persName;Евдокимова;;1;Люди;Служащие (Чиновничество / Канцелярские служители)
persName;Кузнецова;;1;Люди;Служащие (Чиновничество / Канцелярские служители)
persName;Петра Шапицына;;1;Люди;Служащие (Чиновничество / Канцелярские служители)
persName;Матвея Лиханова;;1;Люди;Служащие (Чиновничество / Канцелярские служители)
persName;Александра Нашивошникова;;1;Люди;Служащие (Чиновничество / Канцелярские служители)
persName;Лиханова;;1;Люди;Служащие (Чиновничество / Канцелярские служители)
persName;Ермолаевой;;1;Люди;Служащие (Чиновничество / Канцелярские служители)
persName;Лебедева;;1;Люди;Служащие (Чиновничество / Канцелярские служители)
persName;Лосева;;1;Люди;Служащие (Чиновничество / Канцелярские служители)
persName;Скороговорова;;1;Люди;Служащие (Чиновничество / Канцелярские служители)
persName;Бурмакиным;;1;Люди;Служащие (Чиновничество / Канцелярские служители)
persName;Петра Кузнецова;;1;Люди;Служащие (Чиновничество / Канцелярские служители)
persName;Кузнецову;;1;Люди;Служащие (Чиновничество / Канцелярские служители)
persName;Басина;;1;Люди;Служащие (Чиновничество / Канцелярские служители)
persName;Романа Колмогорова;;1;Люди;Служащие (Чиновничество / Канцелярские служители)
persName;Носова;;1;Люди;Служащие (Чиновничество / Канцелярские служители)
persName;Бурмакина;;1;Люди;Служащие (Чиновничество / Канцелярские служители)
persName;Ширякова;;1;Люди;Служащие (Чиновничество / Канцелярские служители)
persName;Хмелева;;1;Люди;Служащие (Чиновничество / Канцелярские служители)
persName;Малкова;;1;Люди;Служащие (Чиновничество / Канцелярские служители)
persName;Першина;;1;Люди;Служащие (Чиновничество / Канцелярские служители)
persName;Иванова;;1;Люди;Служащие (Чиновничество / Канцелярские служители)
persName;Хавова;;1;Люди;Служащие (Чиновничество / Канцелярские служители)
persName;Арефьеве;;1;Люди;Служащие (Чиновничество / Канцелярские служители)
persName;Кузнецове;;1;Люди;Служащие (Чиновничество / Канцелярские служители)
persName;Потылицын;;1;Люди;Служащие (Чиновничество / Канцелярские служители)
persName;Потылицыне;;1;Люди;Служащие (Чиновничество / Канцелярские служители)
persName;Ваганова;;1;Люди;Служащие (Чиновничество / Канцелярские служители)
persName;Михаила Ваганова;;1;Люди;Служащие (Чиновничество / Канцелярские служители)
persName;Арефьева;;1;Люди;Служащие (Чиновничество / Канцелярские служители)
persName;Николая Таротчинова;;1;Люди;Служащие (Чиновничество / Канцелярские служители)
persName;Кудринова;;1;Люди;Служащие (Чиновничество / Канцелярские служители)
persName;Бугаева;;1;Люди;Служащие (Чиновничество / Канцелярские служители)
persName;Ивана Ростовцева;;1;Люди;Служащие (Чиновничество / Канцелярские служители)
persName;Бурмакине;;1;Люди;Служащие (Чиновничество / Канцелярские служители)
persName;Анашине;;1;Люди;Служащие (Чиновничество / Канцелярские служители)
persName;Семен Максимовский;;1;Люди;Служащие (Чиновничество / Канцелярские служители)
persName;Игнат;;1;Люди;Служащие (Чиновничество / Канцелярские служители)
persName;Анашкина;;1;Люди;Служащие (Чиновничество / Канцелярские служители)
persName;Анашкине;;1;Люди;Служащие (Чиновничество / Канцелярские служители)
persName;Анашкиных;;1;Люди;Служащие (Чиновничество / Канцелярские служители)
persName;Сиротинине;;1;Люди;Служащие (Чиновничество / Канцелярские служители)
persName;Носове;;1;Люди;Служащие (Чиновничество / Канцелярские служители)
persName;Ивана Стригольщикова;;1;Люди;Служащие (Чиновничество / Канцелярские служители)
persName;Хращевский;;1;Люди;Служащие (Чиновничество / Канцелярские служители)
persName;Григория Жукова;;1;Люди;Служащие (Чиновничество / Канцелярские служители)
persName;Турчанинова;;1;Люди;Служащие (Чиновничество / Канцелярские служители)
persName;Спирина;;1;Люди;Служащие (Чиновничество / Канцелярские служители)
persName;Фейдулина;;1;Люди;Служащие (Чиновничество / Канцелярские служители)
persName;Савельева;;1;Люди;Служащие (Чиновничество / Канцелярские служители)
persName;Егорова;;1;Люди;Служащие (Чиновничество / Канцелярские служители)
persName;Егорове;;1;Люди;Служащие (Чиновничество / Канцелярские служители)
persName;Сурикову;;1;Люди;Служащие (Чиновничество / Канцелярские служители)
persName;Бурмакину;;1;Люди;Служащие (Чиновничество / Канцелярские служители)
persName;Шарыповском;;1;Люди;Служащие (Чиновничество / Канцелярские служители)
persName;стариков;;1;Люди;Служащие (Чиновничество / Канцелярские служители)
persName;Голубкова;;1;Люди;Служащие (Чиновничество / Канцелярские служители)
persName;Асташева;;1;Люди;Служащие (Чиновничество / Канцелярские служители)
persName;Горохова;;1;Люди;Служащие (Чиновничество / Канцелярские служители)
persName;Кузина;;1;Люди;Служащие (Чиновничество / Канцелярские служители)
persName;Коновалова;;1;Люди;Служащие (Чиновничество / Канцелярские служители)
persName;Демидова;;1;Люди;Служащие (Чиновничество / Канцелярские служители)
persName;Боровкова;;1;Люди;Служащие (Чиновничество / Канцелярские служители)
persName;Арсамкова;;1;Люди;Служащие (Чиновничество / Канцелярские служители)
persName;Овчинникова;;1;Люди;Служащие (Чиновничество / Канцелярские служители)
persName;Толстой;;1;Люди;Служащие (Чиновничество / Канцелярские служители)
persName;Петра Подсосова;;1;Люди;Служащие (Чиновничество / Канцелярские служители)
persName;Крылова;;1;Люди;Служащие (Чиновничество / Канцелярские служители)
persName;Пермякина;;1;Люди;Служащие (Чиновничество / Канцелярские служители)
persName;Мясникова;;1;Люди;Служащие (Чиновничество / Канцелярские служители)
persName;Токарева;;1;Люди;Служащие (Чиновничество / Канцелярские служители)
persName;Пермикина;;1;Люди;Служащие (Чиновничество / Канцелярские служители)
persName;Григорьевском;;1;Люди;Служащие (Чиновничество / Канцелярские служители)
persName;Ивановском;;1;Люди;Служащие (Чиновничество / Канцелярские служители)
placeName;Енисейской губернии;#place_enisei_province;49;Места;Адм. единицы
placeName;Енисейского;#place_enisei_okrug;47;Места;Насел. пункты
placeName;Красноярского;#place_krasnoyarsk;42;Места;Насел. пункты
placeName;Красноярском;#place_krasnoyarsk;24;Места;Насел. пункты
placeName;Красноярской;#place_krasnoyarsk;22;Места;Насел. пункты
placeName;Енисейским;#place_enisei_okrug;22;Места;Насел. пункты
placeName;Минусинского;#place_minusinsk;21;Места;Насел. пункты
placeName;Канскому;#place_kansk;21;Места;Насел. пункты
placeName;Канского;#place_kansk;20;Места;Насел. пункты
placeName;Енисейского округа;#place_enisei_okrug;20;Места;Адм. единицы
placeName;Красноярске;#place_krasnoyarsk;19;Места;Насел. пункты
placeName;Красноярскому;#place_krasnoyarsk;19;Места;Насел. пункты
placeName;Енисейском;#place_enisei_okrug;18;Места;Насел. пункты
placeName;Енисейской;#place_enisei_okrug;18;Места;Насел. пункты
placeName;Минусинским;#place_minusinsk;18;Места;Насел. пункты
placeName;Ачинского;#place_achinsk;17;Места;Насел. пункты
placeName;Ачинской;#place_achinsk;17;Места;Насел. пункты
placeName;Ачинске;#place_achinsk;16;Места;Насел. пункты
placeName;Ачинскому;#place_achinsk;14;Места;Насел. пункты
placeName;Минусинский;#place_minusinsk;13;Места;Насел. пункты
placeName;Восточной Сибири;#place_eastern_siberia;13;Места;Адм. единицы
placeName;Канске;#place_kansk;13;Места;Насел. пункты
placeName;Минусинске;#place_minusinsk;13;Места;Насел. пункты
placeName;Красноярскую;#place_krasnoyarsk;12;Места;Насел. пункты
placeName;Минусинском;#place_minusinsk;11;Места;Насел. пункты
placeName;г. Красноярске;#place_krasnoyarsk;11;Места;Насел. пункты
placeName;Енисейскому;#place_enisei_okrug;11;Места;Насел. пункты
placeName;Минусинскому;#place_minusinsk;11;Места;Насел. пункты
placeName;Канском округе;#place_kansk_okrug;10;Места;Адм. единицы
placeName;Минусинском округе;#place_minusinsk_okrug;10;Места;Адм. единицы
placeName;Енисейскою;#place_enisei_okrug;10;Места;Насел. пункты
placeName;Енисейский;#place_enisei_okrug;10;Места;Насел. пункты
placeName;Красноярским;#place_krasnoyarsk;10;Места;Насел. пункты
placeName;Енисейске;#place_enisei_okrug;9;Места;Насел. пункты
placeName;Ачинском округе;#place_achinsk_okrug;9;Места;Адм. единицы
placeName;Ачинском;#place_achinsk;8;Места;Насел. пункты
placeName;Минусинского округа;#place_minusinsk_okrug;8;Места;Адм. единицы
placeName;Канском;#place_kansk;8;Места;Насел. пункты
placeName;Иркутского;#place_irkutsk_province;8;Места;Насел. пункты
placeName;Ачинским;#place_achinsk;8;Места;Насел. пункты
placeName;Канским;#place_kansk;8;Места;Насел. пункты
placeName;Минусинской;#place_minusinsk;7;Места;Насел. пункты
placeName;Заледеевской;#place_заледеевской;7;Места;Насел. пункты
placeName;Ачинский;#place_achinsk;6;Места;Насел. пункты
placeName;Красноярскими;#place_krasnoyarsk;6;Места;Насел. пункты
placeName;Красноярскою;#place_krasnoyarsk;6;Места;Насел. пункты
placeName;Ачинскою;#place_achinsk;6;Места;Насел. пункты
placeName;г. Енисейске;#place_eniseysk;6;Места;Насел. пункты
placeName;Красноярск;#place_krasnoyarsk;5;Места;Насел. пункты
placeName;Томской губернии;#place_tomsk_province;5;Места;Адм. единицы
placeName;Красноярский;#place_krasnoyarsk;5;Места;Насел. пункты
placeName;Канской;#place_kansk;5;Места;Насел. пункты
placeName;Енисейскую;#place_enisei_okrug;5;Места;Насел. пункты
placeName;Иркутской;#place_irkutsk_province;4;Места;Насел. пункты
placeName;Балахтинской;#place_балахтинской;4;Места;Насел. пункты
placeName;Иркутское;#place_irkutsk_province;4;Места;Насел. пункты
placeName;Каменском;#place_kamensky_plant;4;Места;Насел. пункты
placeName;Канский;#place_kansk;4;Места;Насел. пункты
placeName;г. Красноярска;#place_krasnoyarsk;4;Места;Насел. пункты
placeName;Назаровской;#place_назаровской;4;Места;Насел. пункты
placeName;Шушенской;#place_шушенской;3;Места;Насел. пункты
placeName;Иркутскую губернию;#place_irkutsk_province;3;Места;Адм. единицы
placeName;Ладейской;#place_ладейской;3;Места;Насел. пункты
placeName;г. Красноярску;#place_krasnoyarsk;2;Места;Насел. пункты
placeName;Канска;#place_kansk;2;Места;Насел. пункты
placeName;Чулым;#place_chulym_river;2;Места;Географические точки
placeName;Ачинского округа;#place_achinsk_okrug;2;Места;Адм. единицы
placeName;Канских;#place_kansk;2;Места;Насел. пункты
placeName;Ялуторовского;#place_ялуторовского;2;Места;Насел. пункты
placeName;Канскую;#place_kansk;2;Места;Насел. пункты
placeName;Красноярска;#place_krasnoyarsk;2;Места;Насел. пункты
placeName;Иркутска;#place_irkutsk_province;2;Места;Насел. пункты
placeName;Енисейских;#place_enisei_okrug;2;Места;Насел. пункты
placeName;Тобольской;#place_тобольской;2;Места;Адм. единицы
placeName;Иркутске;#place_irkutsk_province;2;Места;Насел. пункты
placeName;Иркутском;#place_irkutsk_province;2;Места;Насел. пункты
placeName;Иркутскую;#place_irkutsk_province;2;Места;Насел. пункты
placeName;Ачинска;#place_achinsk;2;Места;Насел. пункты
placeName;Канского округа;#place_kansk_okrug;2;Места;Адм. единицы
placeName;Томским;#place_tomsk_province;2;Места;Насел. пункты
placeName;Ачинску;#place_achinsk;2;Места;Насел. пункты
placeName;Ужурской;#place_ужурской;2;Места;Насел. пункты
placeName;Томской;#place_tomsk_province;2;Места;Насел. пункты
placeName;Якутской;#place_якутской;2;Места;Насел. пункты
placeName;Иркутской губернии;#place_irkutsk_province;1;Места;Адм. единицы
placeName;Соленоозерном форпосте;#place_solenoozerny_fortpost;1;Места;Географические точки
placeName;Красноярских;#place_krasnoyarsk;1;Места;Насел. пункты
placeName;Туруханского края;#place_turukhansk_region;1;Места;Насел. пункты
placeName;Туруханска;#place_turukhansk;1;Места;Насел. пункты
placeName;Енисейский округа;#place_enisei_okrug;1;Места;Адм. единицы
placeName;Минусинскому округу;#place_minusinsk_okrug;1;Места;Адм. единицы
placeName;Енисей;#place_enisey_river;1;Места;Насел. пункты
placeName;Туба;#place_tuba_river;1;Места;Географические точки
placeName;Туруханском;#place_turukhansk;1;Места;Насел. пункты
placeName;Енисейск;#place_enisei_okrug;1;Места;Насел. пункты
placeName;Красноярском округе;#place_krasnoyarsk_okrug;1;Места;Адм. единицы
placeName;Енисейскую губернию;#place_enisei_province;1;Места;Адм. единицы
placeName;Енисейскою губернию;#place_enisei_province;1;Места;Адм. единицы
placeName;Томском;#place_tomsk_province;1;Места;Насел. пункты
placeName;Минусинску;#place_minusinsk;1;Места;Насел. пункты
placeName;река Енисей;#place_enisey_river;1;Места;Географические точки
placeName;река Туба;#place_tuba_river;1;Места;Географические точки
placeName;река Чулым;#place_chulym_river;1;Места;Географические точки
placeName;река Кеть;#place_ket_river;1;Места;Географические точки
placeName;Кеть;#place_ket_river;1;Места;Географические точки
placeName;Тубе;#place_tuba_river;1;Места;Насел. пункты
placeName;Чернореченской;#place_чернореченской;1;Места;Насел. пункты
placeName;Нахвальской;#place_нахвальской;1;Места;Насел. пункты
placeName;Рыбинской;#place_rybinskoe;1;Места;Насел. пункты
placeName;Рыбинском;#place_rybinskoe;1;Места;Насел. пункты
placeName;Уринской;#place_уринской;1;Места;Насел. пункты
placeName;Знаменский;#place_знаменский;1;Места;Насел. пункты
placeName;Черноречинской;#place_черноречинской;1;Места;Насел. пункты
placeName;Иркутску;#place_irkutsk_province;1;Места;Насел. пункты
placeName;Томскую губернии;#place_tomsk_province;1;Места;Адм. единицы
placeName;Тесинской волости;#place_tesinskaya_volost;1;Места;Насел. пункты
placeName;Енисейском округе;#place_enisei_okrug;1;Места;Адм. единицы
placeName;Каменский винокуренный завод;#place_kamensky_plant;1;Места;Насел. пункты
placeName;Томского;#place_tomsk_province;1;Места;Насел. пункты
placeName;Ачинскому округу;#place_achinsk_okrug;1;Места;Адм. единицы
placeName;Бессарабской;#place_бессарабской;1;Места;Адм. единицы
placeName;Забайкальской;#place_забайкальской;1;Места;Адм. единицы
placeName;Кавказской;#place_кавказской;1;Места;Адм. единицы
placeName;Камчатской;#place_камчатской;1;Места;Адм. единицы
placeName;Красноярск;;1;Места;Насел. пункты
placeName;Енисейск;;1;Места;Насел. пункты
placeName;Канск;;1;Места;Насел. пункты
placeName;Ачинск;;1;Места;Насел. пункты
placeName;Минусинск;;1;Места;Насел. пункты
placeName;Туруханск;;1;Места;Насел. пункты
placeName;Енисейская губерния;;1;Места;Адм. единицы
placeName;Томская губерния;;1;Места;Адм. единицы
placeName;Иркутская губерния;;1;Места;Адм. единицы
placeName;Восточная Сибирь;;1;Места;Адм. единицы
placeName;Туруханский край;;1;Места;Адм. единицы
placeName;Енисейский округ;;1;Места;Адм. единицы
placeName;Красноярский округ;;1;Места;Адм. единицы
placeName;Канский округ;;1;Места;Адм. единицы
placeName;Ачинский округ;;1;Места;Адм. единицы
placeName;Минусинский округ;;1;Места;Адм. единицы
placeName;Соленоозерный форпост;;1;Места;Географические точки
placeName;Енисей;;1;Места;Насел. пункты
placeName;Туба;;1;Места;Географические точки
placeName;Чулым;;1;Места;Географические точки
placeName;Кеть;;1;Места;Географические точки
placeName;Каменский завод;;1;Места;Насел. пункты
placeName;Рыбинское;;1;Места;Насел. пункты
placeName;Тесинская волость;;1;Места;Адм. единицы
placeName;Шушенской;;1;Места;Насел. пункты
placeName;Балахтинской;;1;Места;Насел. пункты
placeName;Ялуторовского;;1;Места;Насел. пункты
placeName;Тобольской;;1;Места;Адм. единицы
placeName;Заледеевской;;1;Места;Насел. пункты
placeName;Сухобузимской;;1;Места;Насел. пункты
placeName;Ладейской;;1;Места;Насел. пункты
placeName;Назаровской;;1;Места;Насел. пункты
placeName;Чернореченской;;1;Места;Насел. пункты
placeName;Ужурской;;1;Места;Насел. пункты
placeName;Нахвальской;;1;Места;Насел. пункты
placeName;Уринской;;1;Места;Насел. пункты
placeName;Знаменский;;1;Места;Насел. пункты
placeName;Черноречинской;;1;Места;Насел. пункты
placeName;Бессарабской;;1;Места;Адм. единицы
placeName;Забайкальской;;1;Места;Адм. единицы
placeName;Кавказской;;1;Места;Адм. единицы
placeName;Камчатской;;1;Места;Адм. единицы
placeName;Якутской;;1;Места;Насел. пункты
